lcc,researcher,date,familiarity,file,pixels,test,cla,gam,con,den,bil,wav,uns,hig,wie
nc,fortin,historic,known,fortin_500h,16832074,0.97134147,0.91818548,0.97360739,0.96980788,0.97573032,0.9742959,0.97086421,0.96975965,0.96337046,0.96987245
bmw,fortin,historic,known,fortin_500h,1,1,0.00033118,1,0.0000209,1,0.00010212,1,1,1,1
c,fortin,historic,known,fortin_500h,7268817,0.9656694,0.93650919,0.9675263,0.9580431,0.96329723,0.95440741,0.95322584,0.96376029,0.94804272,0.95497637
hs,fortin,historic,known,fortin_500h,2970904,0.63634519,0.58197444,0.6654712,0.58339988,0.65024309,0.54293325,0.55591009,0.68726276,0.55877396,0.6893156
sgr,fortin,historic,known,fortin_500h,4762620,0.87143566,0.81327978,0.87132834,0.8343651,0.84591786,0.88982019,0.88343836,0.86222161,0.76743446,0.83129291
wl,fortin,historic,known,fortin_500h,2740619,0.51793233,0.08851117,0.55914538,0.00975494,0.46269061,0.06683025,0.36854451,0.43352867,0.24557293,0.47996892
wt,fortin,historic,known,fortin_500h,14652,0.00013615,0.00013649,0.00013596,0.00013649,0.00013572,0.00013631,0.00040623,0.00013649,0.00013649,0.00013646
si,fortin,historic,known,fortin_500h,1562632,0.76817727,0.4474914,0.77505882,0.52668252,0.78652311,0.8368431,0.84377883,0.58026189,0.60276905,0.61038598
ra,fortin,historic,known,fortin_500h,1,0.01,0.0000249,0.01769912,0.0056338,0.14285714,0.03389831,0.0000549,0.08695652,0.5,0.06666667
nc,fortin,repeat,known,fortin_500r,14981503,0.98160915,0.95229596,0.97373419,0.99402486,0.95985544,0.94875596,0.95263084,0.95263077,0.98820625,0.98072086
bmw,fortin,repeat,known,fortin_500r,1,1,0.00272851,1,1,1,1,1,1,1,1
c,fortin,repeat,known,fortin_500r,9658416,0.97990741,0.96070799,0.98005134,0.97062733,0.97421082,0.97607066,0.97977027,0.97977027,0.97551234,0.97731232
hs,fortin,repeat,known,fortin_500r,2116936,0.65791749,0.5398368,0.59858984,0.64359044,0.58358383,0.50887611,0.544544,0.54454303,0.63452029,0.68830281
sgr,fortin,repeat,known,fortin_500r,5902239,0.90819584,0.79272573,0.91168627,0.89472505,0.85886998,0.90450238,0.89516864,0.8951685,0.86303623,0.87440995
wl,fortin,repeat,known,fortin_500r,2902907,0.96552653,0.94469974,0.96002834,0.94996933,0.94857022,0.93847363,0.93476547,0.9347651,0.93123875,0.94698301
wt,fortin,repeat,known,fortin_500r,3039,0.15372549,0.02018306,0.1443299,0.26348692,0.15132979,0.04292284,0.07997838,0.07997838,0.22544081,0.07750473
si,fortin,repeat,known,fortin_500r,587278,0.876063,0.6034507,0.87425,0.83033502,0.87520916,0.85438258,0.87617896,0.87617896,0.86909116,0.86743194
ra,fortin,repeat,known,fortin_500r,1,0.03076923,1,0.00020956,0.00028293,0.00018534,1,0.00029516,0.00029516,0.28571429,1
nc,fortin,historic,known,fortin_183h,9167043,0.98623101,0.82225115,0.98600503,0.98749078,0.98081413,0.97630818,0.96103226,0.96825153,0.98424142,0.93199301
bmw,fortin,historic,known,fortin_183h,1,1,0.00167364,1,1,1,0.5,1,1,1,1
c,fortin,historic,known,fortin_183h,5232745,0.94440949,0.80790023,0.93684536,0.9426711,0.9351039,0.93435887,0.89749071,0.86331438,0.92360651,0.79032797
hs,fortin,historic,known,fortin_183h,2330945,0.78756552,0.53596502,0.76181471,0.75856684,0.78801803,0.7764256,0.79415763,0.5412413,0.62096708,0.4113798
sgr,fortin,historic,known,fortin_183h,559307,0.62164072,0.36619718,0.61900374,0.57444565,0.61880369,0.58197636,0.63781892,0.41225715,0.48823852,0.45115153
wl,fortin,historic,known,fortin_183h,178192,0.42437342,0.0000112,0.36243327,0.35559509,0.41237925,0.37240707,0.42985429,0.00015712,0.0000112,0.24351994
wt,fortin,historic,known,fortin_183h,23717,0.21024617,0.000082,0.22885139,0.28275703,0.22193728,0.2167391,0.21834407,0.00075828,0.000079,0.32475841
si,fortin,historic,known,fortin_183h,48458,0.64270375,0.37233671,0.63472446,0.56303745,0.6314064,0.41624592,0.63750388,0.4762677,0.52919387,0.39778079
ra,fortin,historic,known,fortin_183h,1,0.00012837,0.0000741,0.00010831,0.00041408,0.00015457,0.00010877,0.00048146,0.00138408,0.00458716,1
nc,fortin,repeat,known,fortin_183r,9041859,0.9973415,0.99667638,0.99785761,0.9970216,0.9901782,0.97178452,0.99603194,0.9975634,0.99839537,0.99767583
bmw,fortin,repeat,known,fortin_183r,1,1,1,1,1,1,1,1,1,1,1
c,fortin,repeat,known,fortin_183r,5938598,0.96617029,0.95211881,0.96469888,0.95781143,0.94686738,0.90984639,0.96539709,0.95945321,0.96584623,0.96737392
hs,fortin,repeat,known,fortin_183r,1806538,0.80604454,0.67977089,0.81106398,0.76256021,0.71012412,0.53001736,0.79279591,0.7818634,0.8058284,0.80908509
sgr,fortin,repeat,known,fortin_183r,621213,0.75949443,0.62380789,0.78111463,0.75083925,0.68866796,0.58614754,0.7391451,0.76822581,0.75802838,0.73656983
wl,fortin,repeat,known,fortin_183r,71589,0.62964161,0.5719575,0.57079878,0.59673929,0.51637959,0.54385016,0.6053554,0.62722273,0.42927764,0.6359324
wt,fortin,repeat,known,fortin_183r,17096,0.03358445,0.17418616,0.0568311,0.00396964,0.03678187,0.07064711,0.04223279,0.08835027,0.08838609,0.08824791
si,fortin,repeat,known,fortin_183r,43514,0.69959272,0.7047126,0.69248102,0.74949929,0.71541743,0.53775957,0.68526572,0.74566517,0.75515231,0.73793061
ra,fortin,repeat,known,fortin_183r,1,0.0001485,0.0000241,0.0000845,0.0000988,0.00173461,0.00017623,0.0000345,0.00027964,1,0.00253165
nc,fortin,historic,known,fortin_222h,8900240,0.98597431,0.98616053,0.98555681,0.98571716,0.96166914,0.98391322,0.94730845,0.9843526,0.98094703,0.89514056
bmw,fortin,historic,known,fortin_222h,1,1,1,1,1,1,1,1,1,1,1
c,fortin,historic,known,fortin_222h,4615379,0.93389942,0.88606832,0.93257657,0.90941487,0.89158454,0.94151308,0.86249846,0.90293104,0.90396922,0.72921957
hs,fortin,historic,known,fortin_222h,963191,0.59040797,0.35254248,0.48153562,0.49145405,0.55826177,0.65037832,0.56952235,0.4025824,0.38728393,0.37227609
sgr,fortin,historic,known,fortin_222h,1617261,0.78248178,0.71779719,0.76333343,0.75092567,0.76019072,0.77909122,0.77517466,0.72187717,0.75684586,0.79550888
wl,fortin,historic,known,fortin_222h,328622,0.44230218,0.00000609,0.26602716,0.07194547,0.29216482,0.64805293,0.45502441,0.26617896,0.19070472,0.01193004
wt,fortin,historic,known,fortin_222h,67245,0.68524749,0.06886526,0.66141777,0.23804335,0.68415388,0.64737857,0.67570653,0.57387733,0.54099091,0.03968025
si,fortin,historic,known,fortin_222h,298112,0.79620703,0.71709567,0.79971311,0.52374703,0.76717905,0.61875171,0.80830552,0.80965687,0.78245895,0.8096076
ra,fortin,historic,known,fortin_222h,1,0.000019,0.00054127,0.00009,1,0.0000347,1,0.00000853,1,1,1
nc,fortin,repeat,known,fortin_222r,8728498,0.99288811,0.98983147,0.99363401,0.98334159,0.9939334,0.99455183,0.99463052,0.99136574,0.99062963,0.99167518
bmw,fortin,repeat,known,fortin_222r,1,1,1,1,1,1,1,1,1,1,1
c,fortin,repeat,known,fortin_222r,4761129,0.96414991,0.94247513,0.96165405,0.95074294,0.92113934,0.96013548,0.96347131,0.96106308,0.9636034,0.96174565
hs,fortin,repeat,known,fortin_222r,856967,0.69576568,0.55530162,0.68363879,0.55582106,0.54437235,0.60675952,0.69791681,0.68846099,0.67673145,0.69306259
sgr,fortin,repeat,known,fortin_222r,1806705,0.77386433,0.76408639,0.78024412,0.73126949,0.76574468,0.74502172,0.77201635,0.76927933,0.77042699,0.76366467
wl,fortin,repeat,known,fortin_222r,350556,0.51964948,0.00000571,0.51356998,0.00085822,0.38090354,0.43507409,0.54152572,0.57967581,0.40559852,0.53631283
wt,fortin,repeat,known,fortin_222r,46493,0.02552342,0.02914946,0.01018596,0.35052412,0.09228436,0.01425766,0.00703003,0.03095883,0.12108518,0.02957817
si,fortin,repeat,known,fortin_222r,239702,0.78604412,0.7538151,0.78768696,0.73254394,0.78871086,0.79056511,0.79983977,0.78019751,0.77337729,0.78399639
ra,fortin,repeat,known,fortin_222r,1,0.00236407,0.0000112,0.0000549,1,0.00203046,1,1,0.03125,1,1
nc,higgs,historic,unknown,higgs_par_4140,10714574,0.92459768,0.87223707,0.9397158,0.89420255,0.91722724,0.93352857,0.9252972,0.91542523,0.89460542,0.90327788
bmw,higgs,historic,unknown,higgs_par_4140,1112429,0.20120179,0.16628838,0.14561129,0.2166705,0.2923709,0.21564028,0.36157372,0.00513838,0.0000018,0.0020723
c,higgs,historic,unknown,higgs_par_4140,2738455,0.66486309,0.59257184,0.63611558,0.65363094,0.49881129,0.47107652,0.67257945,0.69417197,0.65836398,0.59113814
hs,higgs,historic,unknown,higgs_par_4140,1463859,0.37931358,0.29301648,0.39535251,0.34825475,0.36222474,0.35177417,0.35449518,0.40308049,0.31569241,0.37099557
sgr,higgs,historic,unknown,higgs_par_4140,479672,0.41477354,0.20746175,0.42998258,0.18054026,0.30646437,0.42462551,0.39799687,0.30440592,0.23946023,0.30267762
wl,higgs,historic,unknown,higgs_par_4140,10694,0.06745423,0.5257878,0.30196597,0.34845895,0.24507203,0.58159166,0.54627242,0.000187,0.00018686,0.27261238
wt,higgs,historic,unknown,higgs_par_4140,1013,0.00197239,0.03348554,0.00197239,0.0000955,0.00242384,0.01746324,0.00115473,0.00197239,0.00036846,0.01673595
si,higgs,historic,unknown,higgs_par_4140,1,0.0000721,0.0000172,0.0000719,0.0000299,0.0000154,0.0000129,0.0000731,0.00013323,0.00022279,0.00000642
ra,higgs,historic,unknown,higgs_par_4140,2260,0.00088456,0.00088456,0.00085215,0.00088456,0.00088456,0.00088456,0.00088456,0.00084746,0.00085543,0.00072966
nc,higgs,historic,unknown,higgs_whe_wh95,14002319,0.9734785,0.95970095,0.97684108,0.94645163,0.93019092,0.95636301,0.97516003,0.98494316,0.98374911,0.98695587
bmw,higgs,historic,unknown,higgs_whe_wh95,728805,0.12299606,0.17268699,0.1087317,0.03962837,0.07955178,0.05771136,0.10935511,0.00000274,0.00000274,0.15381403
c,higgs,historic,unknown,higgs_whe_wh95,4358471,0.80481398,0.70491438,0.79306324,0.73066794,0.45532649,0.68135558,0.78531462,0.78873107,0.80856778,0.78568551
hs,higgs,historic,unknown,higgs_whe_wh95,2096361,0.6220001,0.53483445,0.63209755,0.56488968,0.57145553,0.56622838,0.63168772,0.63671399,0.61633297,0.62681737
sgr,higgs,historic,unknown,higgs_whe_wh95,603940,0.32956146,0.27109273,0.22174551,0.32379251,0.31356567,0.30536955,0.38601472,0.13367606,0.19756582,0.3520689
wl,higgs,historic,unknown,higgs_whe_wh95,1,0.00140944,1,1,0.0005496,0.0030349,0.00005,0.00014043,1,1,0.00154799
wt,higgs,historic,unknown,higgs_whe_wh95,1,0.000777,1,1,0.0001712,0.00138889,0.002457,0.0004345,0.16666667,0.02816901,0.00012249
si,higgs,historic,unknown,higgs_whe_wh95,1,1,0.0001579,1,0.00089087,0.00249377,0.00127146,1,1,0.00597015,0.00095102
ra,higgs,historic,unknown,higgs_whe_wh95,1,0.00000994,0.025,0.00000548,0.0000264,0.00000197,0.00000828,0.00000516,0.00000278,0.00000836,0.00000817
nc,jean,historic,known,jean_27h,9603450,0.96092902,0.94873362,0.96062109,0.95990881,0.96220899,0.95307091,0.95537887,0.9688244,0.97221557,0.94369811
bmw,jean,historic,known,jean_27h,1,1,1,1,1,1,0.00022158,0.0030722,1,1,1
c,jean,historic,known,jean_27h,4240831,0.87303484,0.82460017,0.86898504,0.87282956,0.87035613,0.82664427,0.87361619,0.86287848,0.86483908,0.76720571
hs,jean,historic,known,jean_27h,1019861,0.432097,0.54182229,0.44281759,0.46658345,0.47098764,0.39619565,0.3903184,0.3958233,0.38792501,0.33303063
sgr,jean,historic,known,jean_27h,1793494,0.66663763,0.59419922,0.68079488,0.62188441,0.65899709,0.54800679,0.61103553,0.64936713,0.67139868,0.6640515
wl,jean,historic,known,jean_27h,27285,0.19676725,0.0000679,0.23018347,0.02943605,0.00659165,0.14612786,0.31251679,0.0000577,0.0000733,0.00738622
wt,jean,historic,known,jean_27h,4566,0.4974019,0.00030965,0.56472306,0.44380751,0.56915506,0.27892696,0.45746997,0.2015873,0.12688525,0.31092996
si,jean,historic,known,jean_27h,92033,0.63822101,0.5325327,0.51315166,0.64039314,0.64314678,0.52995349,0.64628882,0.64312932,0.63396582,0.62319124
ra,jean,historic,known,jean_27h,276299,0.00000679,0.00000595,0.01094965,0.00000705,0.00000697,0.00000719,0.03613708,0.00000724,0.00000724,0.00000724
nc,jean,repeat,known,jean_27r,9715064,0.91456406,0.92386164,0.87518057,0.94072955,0.82551599,0.83687033,0.92101242,0.92059301,0.92151756,0.92419881
bmw,jean,repeat,known,jean_27r,1,0.00318471,0.00105097,1,0.0000474,0.00119403,1,1,0.00479616,1,0.00028818
c,jean,repeat,known,jean_27r,5957956,0.92310754,0.76702893,0.84236659,0.8985269,0.65643458,0.75675394,0.92395538,0.91929687,0.92392395,0.92515038
hs,jean,repeat,known,jean_27r,165390,0.17095869,0.02215496,0.23137358,0.13385356,0.23061184,0.32243878,0.2299431,0.15064366,0.14309559,0.15192333
sgr,jean,repeat,known,jean_27r,1167006,0.51955734,0.38125008,0.49456592,0.52492976,0.54090838,0.41139347,0.54401032,0.49821539,0.49542301,0.53821089
wl,jean,repeat,known,jean_27r,31832,0.08300154,0.0000628,0.06227271,0.01304212,0.09815712,0.02162095,0.04251777,0.24937176,0.12053699,0.31133307
wt,jean,repeat,known,jean_27r,2689,0.00057554,0.37914692,0.00062873,0.28430846,0.31097841,0.00074349,0.00735835,0.00065595,0.00064641,0.00051733
si,jean,repeat,known,jean_27r,17881,0.45549718,0.43641323,0.43172425,0.41042787,0.2918164,0.04884136,0.50686989,0.5918097,0.57079899,0.53986642
ra,jean,repeat,known,jean_27r,1,0.00233918,0.0000215,0.00373832,0.00018558,0.00888889,0.0000162,0.0000856,0.00023527,0.00033546,0.00037404
nc,jean,historic,known,jean_34h,8875534,0.99835022,0.99553276,0.99825318,0.98944952,0.99675757,0.99338787,0.99508153,0.99814392,0.99826445,0.99415092
bmw,jean,historic,known,jean_34h,1,1,1,1,1,1,1,1,1,1,1
c,jean,historic,known,jean_34h,5881413,0.95221544,0.90504868,0.95881656,0.93908855,0.944925,0.9419913,0.94936359,0.94451006,0.94319479,0.92833603
hs,jean,historic,known,jean_34h,177512,0.14128183,0.18616835,0.20499873,0.06548713,0.16772997,0.16036409,0.11021838,0.18497826,0.15535093,0.0588535
sgr,jean,historic,known,jean_34h,2716037,0.9114754,0.86758334,0.91124111,0.87676185,0.90274325,0.90488582,0.908213,0.90470147,0.89448704,0.89621369
wl,jean,historic,known,jean_34h,1,0.00208551,0.22222222,0.0034188,0.0002067,0.00446429,0.000053,0.00131752,0.00170503,0.00369004,0.01142857
wt,jean,historic,known,jean_34h,270827,0.83817904,0.76641711,0.8379535,0.80759973,0.83792582,0.83117128,0.83814308,0.8294046,0.82453769,0.81221418
si,jean,historic,known,jean_34h,223146,0.80493014,0.61760985,0.79266545,0.56200873,0.79457961,0.69327697,0.79688289,0.79034441,0.76747891,0.78360103
ra,jean,historic,known,jean_34h,1,1,1,1,1,1,1,0.00153728,1,1,1
nc,jean,repeat,known,jean_34r,8988091,0.99888257,0.99855518,0.99885027,0.99868238,0.98279159,0.9982066,0.99883524,0.99891175,0.99888221,0.99870501
bmw,jean,repeat,known,jean_34r,1,1,0.00064977,1,1,1,1,1,1,1,0.0046729
c,jean,repeat,known,jean_34r,5245527,0.94378803,0.79038448,0.94128926,0.93176038,0.86100158,0.90852424,0.91320612,0.93909648,0.94470628,0.94051005
hs,jean,repeat,known,jean_34r,639296,0.68134245,0.4189873,0.64272338,0.59753435,0.59022943,0.55797125,0.69130136,0.59650512,0.67880438,0.68630242
sgr,jean,repeat,known,jean_34r,2592712,0.90989298,0.84756291,0.91197366,0.88851542,0.87431509,0.89881197,0.91557882,0.90152247,0.90761525,0.91179587
wl,jean,repeat,known,jean_34r,1,0.0000358,0.0000513,0.000038,0.0000107,0.0000305,0.0000158,0.0000464,0.0000251,0.000041,0.0000213
wt,jean,repeat,known,jean_34r,241961,0.81366043,0.75367493,0.81158689,0.7833611,0.80466965,0.80700327,0.81308402,0.81695638,0.8083013,0.81028805
si,jean,repeat,known,jean_34r,204226,0.810177,0.68904859,0.80629416,0.79055686,0.7980925,0.75392867,0.80671779,0.80347051,0.79894621,0.78106783
ra,jean,repeat,known,jean_34r,232657,0.59502092,0.32368304,0.54096907,0.60681702,0.5062099,0.37782341,0.42472419,0.46455588,0.30455335,0.11316608
nc,jean,historic,known,jean_56h,8736149,0.99244776,0.85855362,0.99025176,0.99433465,0.99440938,0.99322501,0.99080138,0.99187762,0.94814362,0.97039884
bmw,jean,historic,known,jean_56h,1,1,0.00030941,1,1,1,1,1,1,1,1
c,jean,historic,known,jean_56h,2729095,0.90748257,0.7525652,0.90495839,0.9129909,0.90782548,0.89557152,0.90781182,0.90331965,0.89699953,0.89411595
hs,jean,historic,known,jean_56h,1419072,0.6313639,0.48160623,0.61193176,0.58328045,0.61370668,0.33212301,0.60647555,0.58530025,0.57658512,0.54499206
sgr,jean,historic,known,jean_56h,3630190,0.88482528,0.83014961,0.86988137,0.85356381,0.89090495,0.47343147,0.86676969,0.86473489,0.75409088,0.80188333
wl,jean,historic,known,jean_56h,1,1,0.00018398,1,0.18181818,1,0.00030779,0.0010977,0.16666667,1,0.00666667
wt,jean,historic,known,jean_56h,9061,0.00021395,0.08800359,0.00136002,0.0002207,0.00020088,0.02117211,0.00311462,0.00976781,0.00020668,0.0002207
si,jean,historic,known,jean_56h,367020,0.89666967,0.8217387,0.89443128,0.89388936,0.89577733,0.88830391,0.87343736,0.86272452,0.8870075,0.88372422
ra,jean,historic,known,jean_56h,1,1,0.0000608,1,1,1,1,1,0.00010398,1,1
nc,jean,repeat,known,jean_56r,8577386,0.9957948,0.99444441,0.99540212,0.99558796,0.99601919,0.97609661,0.99601608,0.99574267,0.99550742,0.99437393
bmw,jean,repeat,known,jean_56r,1,1,1,1,1,1,1,1,1,1,1
c,jean,repeat,known,jean_56r,2738359,0.89482544,0.91466345,0.89926431,0.92533219,0.92616722,0.88116199,0.89277254,0.8865979,0.89348207,0.88376482
hs,jean,repeat,known,jean_56r,1091564,0.68090869,0.50825992,0.67184318,0.50366035,0.53162344,0.31472381,0.67417107,0.66948274,0.63065726,0.59896711
sgr,jean,repeat,known,jean_56r,3884841,0.92419567,0.75786235,0.91973852,0.91516676,0.91777204,0.28062567,0.91932921,0.9223834,0.91406927,0.82065194
wl,jean,repeat,known,jean_56r,1,0.00364299,0.00327869,1,0.02597403,0.01515152,0.0000218,0.00080032,0.25,1,0.00013168
wt,jean,repeat,known,jean_56r,6871,0.71621746,0.64540914,0.65871948,0.50825011,0.54050255,0.73303249,0.74914829,0.73256132,0.87530941,0.71103134
si,jean,repeat,known,jean_56r,16140,0.81046119,0.02931649,0.80369759,0.81517094,0.64814081,0.76226154,0.80354318,0.80899142,0.24526937,0.03986635
ra,jean,repeat,known,jean_56r,575427,0.44556911,0.2929061,0.49362741,0.0000695,0.00100397,0.00000348,0.33531918,0.34049229,0.26150427,0.10852025
nc,taggart,repeat,unknown,tag_mtbald_1r,11429313,0.97026665,0.93389296,0.95731798,0.92610183,0.92753395,0.96777451,0.96112752,0.9485575,0.95695146,0.95939297
bmw,taggart,repeat,unknown,tag_mtbald_1r,1,1,0.00027005,1,1,1,1,1,1,1,1
c,taggart,repeat,unknown,tag_mtbald_1r,5615771,0.84668668,0.85949124,0.87578731,0.8347403,0.80757847,0.82117623,0.83641222,0.85764582,0.82729705,0.84556743
hs,taggart,repeat,unknown,tag_mtbald_1r,32377,0.00988445,0.0157349,0.0110137,0.01315754,0.00427438,0.00709051,0.00821755,0.01203761,0.01396232,0.01021044
sgr,taggart,repeat,unknown,tag_mtbald_1r,4215038,0.74592094,0.69668555,0.74044742,0.57523041,0.6953465,0.74718256,0.6614749,0.74017908,0.72358705,0.73162022
wl,taggart,repeat,unknown,tag_mtbald_1r,393970,0.5707252,0.32338396,0.57446848,0.35768067,0.5217177,0.41443328,0.56298633,0.55114705,0.39752628,0.5299593
wt,taggart,repeat,unknown,tag_mtbald_1r,1629976,0.33134422,0.1486632,0.28689323,0.31483848,0.09209806,0.11474075,0.17207517,0.12277795,0.32289362,0.21660944
si,taggart,repeat,unknown,tag_mtbald_1r,1,0.00378788,0.00015591,0.00361011,0.00196657,0.00243605,0.0001882,0.01438849,0.002886,0.00077912,0.0003798
ra,taggart,repeat,unknown,tag_mtbald_1r,914766,0.00159932,0.00101411,0.00325947,0.01951376,0.00000219,0.00000219,0.00116795,0.0000129,0.00000219,0.00000219
nc,taggart,repeat,unknown,tag_forget_2r,16148167,0.98462754,0.98702881,0.98397264,0.98429921,0.9821044,0.98083648,0.98378357,0.98616178,0.98614964,0.98445562
bmw,taggart,repeat,unknown,tag_forget_2r,62410,0.000032,0.000032,0.000032,0.000032,0.000032,0.000032,0.000032,0.000032,0.000032,0.000032
c,taggart,repeat,unknown,tag_forget_2r,11397330,0.9553564,0.94077077,0.9541686,0.94739278,0.94400844,0.93629112,0.94963209,0.95642283,0.956689,0.95586856
hs,taggart,repeat,unknown,tag_forget_2r,633243,0.58545523,0.4370466,0.581367,0.57592173,0.58259684,0.33091398,0.56256915,0.53687088,0.59910689,0.51707439
sgr,taggart,repeat,unknown,tag_forget_2r,709989,0.27895052,0.44315826,0.26489013,0.1996191,0.33418124,0.26567284,0.2677028,0.36244668,0.33023688,0.34287309
wl,taggart,repeat,unknown,tag_forget_2r,176,0.00042093,0.0000164,0.0002993,0.00021362,0.00041328,0.00027972,0.0003941,0.0002553,0.00032552,0.00039736
wt,taggart,repeat,unknown,tag_forget_2r,118919,0.17976205,0.08910994,0.18065587,0.13672107,0.23094541,0.10606298,0.17879883,0.10437378,0.14699687,0.15648
si,taggart,repeat,unknown,tag_forget_2r,1,1,0.0000629,1,0.00217155,0.00351494,0.02564103,1,1,0.33333333,0.0058309
ra,taggart,repeat,unknown,tag_forget_2r,54720,0.0000365,0.0000226,0.0000354,0.0000357,0.0000365,0.0000326,0.00000947,0.0000365,0.0000365,0.0000365
nc,taggart,repeat,unknown,tag_mtbald_2r,14827378,0.97319829,0.94543345,0.95801859,0.96993864,0.87835405,0.97189517,0.97046392,0.94717944,0.97360621,0.9710441
bmw,taggart,repeat,unknown,tag_mtbald_2r,1,1,0.00000344,0.0000481,0.02469136,0.00145879,1,1,1,0.00024836,0.01290323
c,taggart,repeat,unknown,tag_mtbald_2r,6513629,0.87428253,0.75906129,0.85377502,0.87547271,0.48527123,0.81574029,0.86772692,0.82043772,0.87520016,0.86677461
hs,taggart,repeat,unknown,tag_mtbald_2r,474283,0.28334596,0.33703369,0.30100531,0.3323353,0.13074987,0.20596196,0.32399875,0.24569301,0.32064293,0.31477413
sgr,taggart,repeat,unknown,tag_mtbald_2r,1422563,0.39348986,0.42378628,0.40136321,0.42769084,0.36517574,0.39275869,0.39712338,0.38817073,0.38857836,0.3574684
wl,taggart,repeat,unknown,tag_mtbald_2r,1,0.0000172,0.0000328,0.0000178,0.0000132,0.0000267,0.00000724,0.000011,0.000012,0.0000242,0.0000102
wt,taggart,repeat,unknown,tag_mtbald_2r,723971,0.4247235,0.26122198,0.34962228,0.3798583,0.37922043,0.20033974,0.36496758,0.2370032,0.44542708,0.35571971
si,taggart,repeat,unknown,tag_mtbald_2r,1,0.00043966,0.00013708,1,0.00071454,0.00010688,0.0000351,0.00039093,0.01923077,1,0.00060478
ra,taggart,repeat,unknown,tag_mtbald_2r,696919,0.00000287,0.11137627,0.01640427,0.03581522,0.00000287,0.00000287,0.01014792,0.00367413,0.08991853,0.0000371
nc,taggart,historic,unknown,tag_forget_2h,16534768,0.97519397,0.96038538,0.97661112,0.9790266,0.96607757,0.96129366,0.97065878,0.99148402,0.97488793,0.96306174
bmw,taggart,historic,unknown,tag_forget_2h,9881,0.0001343,0.000047,0.0000529,0.00020239,0.00020239,0.00020239,0.00020239,0.00020239,0.00020239,0.00020239
c,taggart,historic,unknown,tag_forget_2h,4952476,0.71329875,0.54743804,0.72027034,0.61345501,0.69330621,0.62419303,0.75140032,0.79054856,0.73971335,0.71630939
hs,taggart,historic,unknown,tag_forget_2h,1601575,0.21459203,0.19701587,0.19038633,0.18057168,0.19733538,0.14856254,0.20110016,0.19854881,0.17978038,0.17490061
sgr,taggart,historic,unknown,tag_forget_2h,810865,0.21404577,0.26276968,0.19013895,0.29219219,0.17944871,0.17399284,0.23245093,0.19390901,0.24719662,0.24873478
wl,taggart,historic,unknown,tag_forget_2h,447868,0.36843621,0.00706539,0.26469491,0.10885589,0.45216121,0.30405192,0.30667839,0.26492134,0.19609178,0.46157331
wt,taggart,historic,unknown,tag_forget_2h,197139,0.04207952,0.0141176,0.03788783,0.03892067,0.21698172,0.07314993,0.07362489,0.05337328,0.10661896,0.05204421
si,taggart,historic,unknown,tag_forget_2h,1,0.00109951,0.00014433,0.00145349,0.00000341,0.00051787,0.00084854,0.00092123,0.00113766,0.001321,0.00237248
ra,taggart,historic,unknown,tag_forget_2h,4570382,0.62616364,0.00343675,0.62995725,0.16763842,0.7008878,0.30645874,0.73571245,0.7328345,0.66495953,0.61970753
nc,taggart,historic,unknown,tag_mtbald_1h,13133889,0.95215167,0.93454207,0.92985464,0.95539329,0.93886247,0.9230097,0.95408361,0.94370605,0.92594836,0.93466173
bmw,taggart,historic,unknown,tag_mtbald_1h,3,0.5,0.5,0.5,0.5,0.5,0.5,0.5,0.5,0.5,0.5
c,taggart,historic,unknown,tag_mtbald_1h,513916,0.2566123,0.19281521,0.25301784,0.21546757,0.32309979,0.21003476,0.22796218,0.22954585,0.34703331,0.29646679
hs,taggart,historic,unknown,tag_mtbald_1h,64783,0.00202525,0.01236207,0.00884302,0.00014519,0.00000069,0.00266616,0.00000146,0.00012606,0.00012889,0.00000481
sgr,taggart,historic,unknown,tag_mtbald_1h,5353836,0.71703708,0.64058945,0.70088871,0.64068654,0.62889133,0.65632698,0.62304015,0.68352059,0.66646857,0.67981294
wl,taggart,historic,unknown,tag_mtbald_1h,1389831,0.10731083,0.05695254,0.05922369,0.16112547,0.03330426,0.09937031,0.03148214,0.03275057,0.01574623,0.12534572
wt,taggart,historic,unknown,tag_mtbald_1h,117588,0.04552149,0.0232562,0.0716046,0.03968775,0.23681033,0.07217366,0.08379099,0.0201517,0.01038472,0.02384662
si,taggart,historic,unknown,tag_mtbald_1h,1,0.00030793,0.0000028,0.00038322,0.00010583,0.00022424,0.00019374,0.00063452,0.00026288,0.0000956,0.0000114
ra,taggart,historic,unknown,tag_mtbald_1h,3657366,0.08644049,0.00333551,0.12555493,0.02172385,0.00335955,0.02443444,0.35922732,0.09280529,0.0015065,0.00306711
nc,taggart,historic,unknown,tag_mtbald_2h,14945813,0.9494512,0.96067986,0.91632834,0.94857404,0.9387344,0.95219082,0.95555064,0.92658626,0.90511618,0.90376526
bmw,taggart,historic,unknown,tag_mtbald_2h,1,1,0.000019,1,1,1,0.00843882,1,1,1,1
c,taggart,historic,unknown,tag_mtbald_2h,1987301,0.61930537,0.55929941,0.62441819,0.58596835,0.64983949,0.56417076,0.63284152,0.61992327,0.65458535,0.61661316
hs,taggart,historic,unknown,tag_mtbald_2h,2001712,0.20868029,0.32129827,0.17990076,0.35765663,0.21195958,0.32948527,0.21304424,0.13855738,0.14535345,0.15637322
sgr,taggart,historic,unknown,tag_mtbald_2h,2841442,0.54675305,0.56332649,0.50802246,0.56688253,0.56042093,0.48881135,0.43674011,0.52842661,0.51053063,0.51379367
wl,taggart,historic,unknown,tag_mtbald_2h,315044,0.09654793,0.00955209,0.00922576,0.16361534,0.06232859,0.03790878,0.00230224,0.00000635,0.00201342,0.26633456
wt,taggart,historic,unknown,tag_mtbald_2h,58125,0.13003001,0.05998919,0.16449783,0.20757788,0.5223704,0.08216358,0.17845286,0.0305382,0.25658914,0.12226204
si,taggart,historic,unknown,tag_mtbald_2h,1,0.03846154,0.0000474,0.02105263,0.02105263,0.000044,0.00010234,0.09090909,0.09090909,0.00118413,0.0000179
ra,taggart,historic,unknown,tag_mtbald_2h,2509307,0.22094414,0.11538441,0.19154662,0.16575317,0.08203693,0.14042412,0.41960705,0.23621636,0.05852477,0.04564864
nc,taggart,historic,unknown,tag_prairie_1h,11814631,0.96996679,0.95667259,0.98187987,0.95961364,0.96031798,0.98027308,0.97471445,0.97475929,0.97375918,0.97100824
bmw,taggart,historic,unknown,tag_prairie_1h,1,0.01503759,1,0.00537634,1,0.00064599,1,1,0.00662252,1,0.00082816
c,taggart,historic,unknown,tag_prairie_1h,8683474,0.94322218,0.93397753,0.94196348,0.92801446,0.91426581,0.94107916,0.94013054,0.94045949,0.9386831,0.93924356
hs,taggart,historic,unknown,tag_prairie_1h,1090,0.00277917,0.00056848,0.00213678,0.00000369,0.00045594,0.00000726,0.00177091,0.00017436,0.00032642,0.00000422
sgr,taggart,historic,unknown,tag_prairie_1h,942821,0.79890955,0.79791425,0.84744196,0.78954136,0.768784,0.81470453,0.81727774,0.80889929,0.81085244,0.81020708
wl,taggart,historic,unknown,tag_prairie_1h,73600,0.656743,0.26802702,0.68283174,0.81831812,0.83515492,0.8327106,0.78771709,0.6162823,0.54701451,0.83872038
wt,taggart,historic,unknown,tag_prairie_1h,4074,0.26019048,0.00045746,0.21578739,0.25052899,0.12931034,0.16936283,0.21830089,0.26861651,0.17698731,0.21083795
si,taggart,historic,unknown,tag_prairie_1h,51513,0.2868665,0.3370218,0.44553216,0.39441502,0.29036473,0.40514096,0.49999089,0.50762346,0.50279751,0.48217211
ra,taggart,historic,unknown,tag_prairie_1h,988047,0.09744957,0.00647964,0.14344451,0.00286443,0.00000202,0.04365479,0.18677821,0.23728401,0.06398499,0.0954462
nc,taggart,historic,unknown,tag_allsmoke_h,14556781,0.90341096,0.85116292,0.88907563,0.83714016,0.89249879,0.90550898,0.8672268,0.91171078,0.90554131,0.85935726
bmw,taggart,historic,unknown,tag_allsmoke_h,1,0.00025661,0.00028245,0.0000166,0.00534759,0.00011302,0.00043412,0.00000471,0.00038095,1,1
c,taggart,historic,unknown,tag_allsmoke_h,4399335,0.64554857,0.6739829,0.68439625,0.6121373,0.52974686,0.51085987,0.58788362,0.79404933,0.76679745,0.6370364
hs,taggart,historic,unknown,tag_allsmoke_h,1092540,0.36945903,0.22511364,0.37182847,0.32701125,0.3720021,0.32205355,0.3690617,0.41128161,0.3856692,0.24101276
sgr,taggart,historic,unknown,tag_allsmoke_h,192754,0.16205013,0.15204391,0.19231297,0.1438948,0.11071379,0.14880169,0.1694537,0.25255293,0.17450033,0.10153516
wl,taggart,historic,unknown,tag_allsmoke_h,1,1,1,1,0.0000191,1,0.00064041,1,1,1,0.0000479
wt,taggart,historic,unknown,tag_allsmoke_h,1,0.00823045,1,0.00714286,0.00013002,0.00043262,0.00039487,0.00074878,0.00453515,0.00148258,0.00016899
si,taggart,historic,unknown,tag_allsmoke_h,644858,0.2594709,0.33732851,0.23163243,0.26727192,0.2837188,0.16821674,0.2275448,0.28829366,0.29506489,0.24104363
ra,taggart,historic,unknown,tag_allsmoke_h,1053389,0.20457167,0.0000019,0.21804782,0.0000019,0.24212247,0.24764093,0.1926655,0.1990826,0.18609775,0.13714172
nc,taggart,historic,unknown,tag_mtindef_2h,10533196,0.99597416,0.99863365,0.99621429,0.99639587,0.96989974,0.98372918,0.99366552,0.97329128,0.98345034,0.99052556
bmw,taggart,historic,unknown,tag_mtindef_2h,1,0.00233918,1,0.00012214,1,1,0.01834862,0.00208333,1,1,0.00016559
c,taggart,historic,unknown,tag_mtindef_2h,3907593,0.80745228,0.77613897,0.82040912,0.78323996,0.67443268,0.7348422,0.78806883,0.79197673,0.72842811,0.77826604
hs,taggart,historic,unknown,tag_mtindef_2h,11899,0.00519757,0.00964642,0.00817176,0.00659909,0.00778828,0.00366925,0.00513374,0.00450829,0.00438279,0.00053732
sgr,taggart,historic,unknown,tag_mtindef_2h,1816805,0.89106922,0.89706962,0.88085488,0.86742139,0.86255287,0.86995307,0.89254335,0.87410626,0.88043228,0.89603303
wl,taggart,historic,unknown,tag_mtindef_2h,1,0.00010785,1,0.00010914,1,0.0000693,0.0000685,0.00011304,0.0000744,0.00159109,0.0000151
wt,taggart,historic,unknown,tag_mtindef_2h,241846,0.03134755,0.0549565,0.01920628,0.05753316,0.04504415,0.03545231,0.02588461,0.01900346,0.04313998,0.04122953
si,taggart,historic,unknown,tag_mtindef_2h,6929,0.699569,0.18646966,0.71552299,0.68992614,0.68679302,0.60163905,0.69370533,0.66518334,0.69831054,0.69828087
ra,taggart,historic,unknown,tag_mtindef_2h,1056147,0.03121499,0.06841921,0.01540196,0.00147346,0.00381103,0.00651892,0.05608652,0.00533999,0.00000189,0.00000189
nc,taggart,historic,unknown,tag_sin_1h,9916500,0.90849775,0.89390865,0.91166272,0.88573047,0.88498514,0.92078666,0.92138219,0.93215944,0.93316363,0.92943833
bmw,taggart,historic,unknown,tag_sin_1h,1882780,0.21423953,0.31357677,0.16932222,0.17374987,0.26786677,0.17877426,0.15706842,0.0656981,0.02777043,0.18871946
c,taggart,historic,unknown,tag_sin_1h,7177424,0.87440939,0.85037037,0.86812781,0.81921871,0.85598449,0.86479427,0.87136727,0.85440629,0.84733787,0.86173995
hs,taggart,historic,unknown,tag_sin_1h,1713868,0.19633208,0.20727849,0.18893706,0.37478176,0.18432242,0.23609673,0.22088237,0.20281281,0.21071474,0.26988126
sgr,taggart,historic,unknown,tag_sin_1h,1,0.00000605,0.00000337,0.00000502,0.00000314,0.00000517,0.00000595,0.00000466,0.00000428,0.00000385,0.00000274
wl,taggart,historic,unknown,tag_sin_1h,1,0.00057703,0.00099701,0.00197044,1,0.00017868,0.01680672,0.00055633,0.00108225,1,0.00023253
wt,taggart,historic,unknown,tag_sin_1h,1,0.02469136,1,0.00609756,1,0.00315457,1,0.03225806,0.00221239,0.01030928,0.00119617
si,taggart,historic,unknown,tag_sin_1h,1,0.00082508,0.00000495,0.00335008,0.00000737,0.00016995,0.0000246,0.000518,0.00018674,0.00013058,0.00025371
ra,taggart,historic,unknown,tag_sin_1h,210115,0.0000086,0.00000933,0.00000812,0.01092837,0.00000743,0.00000781,0.00000882,0.0000084,0.00000734,0.00000834